{"loss": [3.814932346343994, 1.6527007818222046, 0.5787955522537231, 0.39065098762512207, 0.37050750851631165, 0.2376863956451416, 0.22151553630828857, 0.18247899413108826, 0.17416152358055115, 0.15969426929950714, 0.15187835693359375, 0.13935509324073792, 0.13101857900619507, 0.12431246787309647, 0.12030397355556488, 0.11867880076169968, 0.11795970052480698, 0.11504673212766647, 0.11428982764482498, 0.11491505801677704, 0.1079261377453804, 0.10950848460197449, 0.10793030261993408, 0.10647324472665787, 0.10444407910108566, 0.10216539353132248, 0.10066453367471695, 0.10092330724000931, 0.09903986752033234, 0.09892220050096512, 0.09752189368009567, 0.09577134251594543, 0.09322763979434967, 0.09409987926483154, 0.09307996183633804, 0.08948371559381485, 0.08766310662031174, 0.08771546185016632, 0.08630939573049545, 0.08477738499641418, 0.08462966978549957, 0.08364184200763702, 0.08395642787218094, 0.08289600163698196, 0.07990377396345139, 0.07948914170265198, 0.07947220653295517, 0.07928915321826935, 0.07928324490785599, 0.07782797515392303, 0.07616827636957169, 0.07505297660827637, 0.07545197010040283, 0.07585440576076508, 0.07504237443208694, 0.0739859938621521, 0.07304131239652634, 0.07207903265953064, 0.07179538160562515, 0.07290946692228317, 0.0735149160027504, 0.07190581411123276, 0.06988891214132309, 0.06945881247520447, 0.06890028715133667, 0.06859539449214935, 0.06927745044231415, 0.06938610970973969, 0.06842217594385147, 0.06790691614151001, 0.06742701679468155, 0.06669074296951294, 0.06639904528856277, 0.06621573120355606, 0.06565313041210175, 0.06542842090129852, 0.06549906730651855, 0.06525180488824844, 0.06486047059297562, 0.0646430253982544, 0.0645359456539154, 0.06463431566953659, 0.06464944034814835, 0.06441790610551834, 0.0641116127371788, 0.06387830525636673, 0.06362581998109818, 0.06349781900644302, 0.06340547651052475, 0.06315668672323227, 0.06275816261768341, 0.062382664531469345, 0.06204426661133766, 0.06176971644163132, 0.06163175404071808, 0.061605650931596756, 0.061470918357372284, 0.06131159886717796, 0.0610387809574604, 0.060815926641225815], "mae": [0.8050451278686523, 0.9955011606216431, 0.6061381101608276, 0.4949226379394531, 0.48676061630249023, 0.395119309425354, 0.37075555324554443, 0.33267074823379517, 0.3233930170536041, 0.3060247004032135, 0.29611077904701233, 0.28231287002563477, 0.27634963393211365, 0.270738422870636, 0.26671847701072693, 0.2656121850013733, 0.2605530023574829, 0.2575451135635376, 0.264608234167099, 0.2679683566093445, 0.25146856904029846, 0.2491888850927353, 0.2521721422672272, 0.2534443438053131, 0.2460174560546875, 0.2410290539264679, 0.24022483825683594, 0.2413983792066574, 0.23986494541168213, 0.23909258842468262, 0.23869195580482483, 0.23872244358062744, 0.23446905612945557, 0.2339783012866974, 0.2321953922510147, 0.22836312651634216, 0.22803135216236115, 0.22952724993228912, 0.2269456535577774, 0.22227035462856293, 0.22074615955352783, 0.2196919322013855, 0.2211034744977951, 0.2200559675693512, 0.21519623696804047, 0.21485096216201782, 0.21619395911693573, 0.21662293374538422, 0.2167830616235733, 0.213858962059021, 0.21021486818790436, 0.2080388069152832, 0.20959025621414185, 0.2114434391260147, 0.21059949696063995, 0.2079734355211258, 0.20565998554229736, 0.20461058616638184, 0.20486488938331604, 0.2055826187133789, 0.20575712621212006, 0.20329730212688446, 0.20228217542171478, 0.20343685150146484, 0.2022463083267212, 0.20017559826374054, 0.20008966326713562, 0.19948893785476685, 0.19838544726371765, 0.1993364691734314, 0.19945771992206573, 0.1982320100069046, 0.19631581008434296, 0.19471828639507294, 0.19369792938232422, 0.1941101849079132, 0.1947701871395111, 0.1944698542356491, 0.19347412884235382, 0.19268235564231873, 0.19222402572631836, 0.1927272528409958, 0.19288691878318787, 0.19233480095863342, 0.19171786308288574, 0.19127888977527618, 0.19099470973014832, 0.19079677760601044, 0.1907259076833725, 0.19042639434337616, 0.1898311823606491, 0.18925143778324127, 0.1885003298521042, 0.18769504129886627, 0.18714924156665802, 0.18699592351913452, 0.18676702678203583, 0.1866273581981659, 0.18631084263324738, 0.18624259531497955], "val_loss": [2.858849287033081, 0.969386875629425, 0.5012567043304443, 0.4122264087200165, 0.29567858576774597, 0.2997773289680481, 0.21437029540538788, 0.1954423040151596, 0.17175480723381042, 0.1553668975830078, 0.13449722528457642, 0.11528558284044266, 0.10847043991088867, 0.10748223960399628, 0.10913922637701035, 0.1141367256641388, 0.11463048309087753, 0.12490386515855789, 0.1318797469139099, 0.11597532778978348, 0.12025802582502365, 0.1263170689344406, 0.1267748475074768, 0.12260598689317703, 0.12518101930618286, 0.12860001623630524, 0.13829858601093292, 0.13811679184436798, 0.1306857019662857, 0.12736083567142487, 0.12790603935718536, 0.13035479187965393, 0.13330063223838806, 0.13094669580459595, 0.12434623390436172, 0.12228406220674515, 0.12170053273439407, 0.11874557286500931, 0.11719949543476105, 0.12080878764390945, 0.12231897562742233, 0.12484774738550186, 0.12349874526262283, 0.11737979203462601, 0.11622147262096405, 0.11874418705701828, 0.12250220775604248, 0.1263105869293213, 0.1265900433063507, 0.12429104000329971, 0.11932802945375443, 0.11567887663841248, 0.11576326191425323, 0.11436068266630173, 0.11313176900148392, 0.11477252840995789, 0.12012903392314911, 0.1273917555809021, 0.13341934978961945, 0.13391117751598358, 0.1283867359161377, 0.12326714396476746, 0.12265294045209885, 0.11918768286705017, 0.11333800107240677, 0.11016936600208282, 0.11043182015419006, 0.11379661411046982, 0.11924546211957932, 0.12214037775993347, 0.12153497338294983, 0.12031316757202148, 0.1182028129696846, 0.11697118729352951, 0.11744987219572067, 0.11668389290571213, 0.11572261154651642, 0.11557287722826004, 0.11638330668210983, 0.1192154660820961, 0.12317811697721481, 0.12689870595932007, 0.128557026386261, 0.12849150598049164, 0.12713153660297394, 0.1251549869775772, 0.12314515560865402, 0.12222710251808167, 0.1220705583691597, 0.12225508689880371, 0.12344741076231003, 0.12418579310178757, 0.1238950714468956, 0.12397383898496628, 0.12392038851976395, 0.12321930378675461, 0.12201622128486633, 0.12140834331512451, 0.12168939411640167, 0.12153912335634232],