{"loss": [0.3584287166595459, 34.28499221801758, 1.7110458612442017, 0.7957762479782104, 0.6955967545509338, 0.5001675486564636, 0.27856260538101196, 0.2433798462152481, 0.2756572663784027, 0.2214505672454834, 0.21812166273593903, 0.19915138185024261, 0.1804162710905075, 0.1847507506608963, 0.17361369729042053, 0.15664133429527283, 0.15269917249679565, 0.14493615925312042, 0.13503775000572205, 0.1277347058057785, 0.12249209731817245, 0.1175033375620842, 0.11232443898916245, 0.10888900607824326, 0.10674678534269333, 0.10336143523454666, 0.10285294055938721, 0.10095982998609543, 0.09908412396907806, 0.09960532188415527, 0.09688723087310791, 0.0959555134177208, 0.09444411098957062, 0.09324251860380173, 0.09253966063261032, 0.09109698235988617, 0.09044241905212402, 0.08929485082626343, 0.08865869045257568, 0.08739195764064789, 0.08643007278442383, 0.08524690568447113, 0.08434975147247314, 0.08326707035303116, 0.08216924965381622, 0.0811762660741806, 0.08024601638317108, 0.07941047102212906, 0.07878343760967255, 0.07785245776176453, 0.0768241286277771, 0.07587816566228867, 0.07511485368013382, 0.07414171099662781, 0.07335951924324036, 0.07254248857498169, 0.07184905558824539, 0.07125537842512131, 0.07055949419736862, 0.0699584111571312, 0.0693659856915474, 0.06869329512119293, 0.06820495426654816, 0.06768214702606201, 0.06729704886674881, 0.06679864972829819, 0.06641446053981781, 0.06601530313491821, 0.06569336354732513, 0.06526187807321548, 0.06497315317392349, 0.06455900520086288, 0.0642484650015831, 0.06386752426624298, 0.06354564428329468, 0.06323513388633728, 0.06295853853225708, 0.06272289156913757, 0.0624542161822319, 0.06219062581658363, 0.06198510155081749, 0.06175995618104935, 0.061563391238451004, 0.06134829297661781, 0.0610555075109005, 0.06091830134391785, 0.06067728251218796, 0.06052511930465698, 0.06034101918339729, 0.06019631400704384, 0.0599927119910717, 0.05978827923536301, 0.0596780963242054, 0.05951017141342163, 0.05931667983531952, 0.05910482257604599, 0.05893143638968468, 0.058762989938259125, 0.05865716561675072, 0.058503396809101105], "mae": [0.4985312819480896, 4.667713642120361, 1.1140110492706299, 0.7345758676528931, 0.7130117416381836, 0.5932731628417969, 0.43099460005760193, 0.40433260798454285, 0.4232062101364136, 0.37860041856765747, 0.3765912353992462, 0.35646799206733704, 0.33147457242012024, 0.3332589566707611, 0.32214799523353577, 0.3086649179458618, 0.3068167567253113, 0.2992250621318817, 0.2859892249107361, 0.2745040953159332, 0.2668704390525818, 0.2605603039264679, 0.2569439709186554, 0.2560575306415558, 0.2540094554424286, 0.24952512979507446, 0.24893422424793243, 0.24553465843200684, 0.24255675077438354, 0.24454018473625183, 0.23988425731658936, 0.2394007295370102, 0.2359875738620758, 0.23553968966007233, 0.2348172664642334, 0.23385360836982727, 0.23267729580402374, 0.2314186692237854, 0.23026978969573975, 0.22816571593284607, 0.22747665643692017, 0.22627170383930206, 0.2251357138156891, 0.22403986752033234, 0.2236575484275818, 0.22240132093429565, 0.2206900268793106, 0.21901589632034302, 0.21843130886554718, 0.21704313158988953, 0.21479187905788422, 0.21340246498584747, 0.2125004529953003, 0.21103131771087646, 0.2089737504720688, 0.20785649120807648, 0.20717471837997437, 0.2067054808139801, 0.20546512305736542, 0.20404930412769318, 0.2036147266626358, 0.20316725969314575, 0.20234493911266327, 0.20099858939647675, 0.20005597174167633, 0.2003077119588852, 0.20054936408996582, 0.1997961699962616, 0.19856032729148865, 0.19779029488563538, 0.19742868840694427, 0.19690240919589996, 0.1963346153497696, 0.1955834925174713, 0.19524309039115906, 0.19482596218585968, 0.194044828414917, 0.193568155169487, 0.19323720037937164, 0.19306537508964539, 0.1922900229692459, 0.19177217781543732, 0.19207461178302765, 0.19179485738277435, 0.1905696988105774, 0.18987888097763062, 0.18998286128044128, 0.19000713527202606, 0.18966196477413177, 0.18897804617881775, 0.18866533041000366, 0.18858441710472107, 0.18855632841587067, 0.1888885349035263, 0.18805845081806183, 0.18748997151851654, 0.187259241938591, 0.18733203411102295, 0.18738161027431488, 0.1866552233695984], "val_loss": [36.88347244262695, 2.572568416595459, 0.9566926956176758, 0.7650955319404602, 0.5021806955337524, 0.269027978181839, 0.3074794113636017, 0.39667388796806335, 0.26826921105384827, 0.25473374128341675, 0.248665913939476, 0.23732639849185944, 0.26155564188957214, 0.2500040829181671, 0.22323912382125854, 0.21537622809410095, 0.20203666388988495, 0.1934589296579361, 0.19996266067028046, 0.2049967646598816, 0.1992378830909729, 0.18479372560977936, 0.1712903380393982, 0.16585253179073334, 0.16692538559436798, 0.17062069475650787, 0.1682620793581009, 0.16259020566940308, 0.15708088874816895, 0.15935897827148438, 0.16063292324543, 0.16045068204402924, 0.15849000215530396, 0.1561896800994873, 0.1552811712026596, 0.15502490103244781, 0.15519043803215027, 0.15506063401699066, 0.15431077778339386, 0.1541983038187027, 0.15453991293907166, 0.1548479199409485, 0.15390215814113617, 0.1524076908826828, 0.15148991346359253, 0.15188978612422943, 0.15361393988132477, 0.15555763244628906, 0.1557912528514862, 0.15469425916671753, 0.15358351171016693, 0.15281367301940918, 0.15303856134414673, 0.15364712476730347, 0.1537933051586151, 0.15285338461399078, 0.15173213183879852, 0.15230779349803925, 0.15350154042243958, 0.15409070253372192, 0.1544567346572876, 0.15434660017490387, 0.15490682423114777, 0.15574564039707184, 0.15565063059329987, 0.1552719920873642, 0.1547650247812271, 0.15475445985794067, 0.15500237047672272, 0.1554766446352005, 0.15547940135002136, 0.15520161390304565, 0.15464510023593903, 0.15427245199680328, 0.15473996102809906, 0.15520554780960083, 0.1551293581724167, 0.1540353149175644, 0.15369132161140442, 0.1540217250585556, 0.1539493203163147, 0.15355229377746582, 0.15297561883926392, 0.15404410660266876, 0.15438292920589447, 0.15383505821228027, 0.1531999111175537, 0.15342779457569122, 0.15398679673671722, 0.15420080721378326, 0.15387511253356934, 0.15342161059379578, 0.1532742977142334, 0.15385748445987701, 0.15389083325862885, 0.15341921150684357, 0.1530359387397766, 0.153267964720726, 0.1541585773229599, 0.15446670353412628],